[
  {
    "id": 1,
    "playlist_title": "Aluin",
    "track_list": {
      "album_id": "African porcupine",
      "track_id": "Hystrix cristata"
    }
  },
  {
    "id": 2,
    "playlist_title": "Simmonds",
    "track_list": {
      "album_id": "Squirrel, antelope ground",
      "track_id": "Ammospermophilus nelsoni"
    }
  },
  {
    "id": 4,
    "playlist_title": "Ninette",
    "track_list": {
      "album_id": "Civet (unidentified)",
      "track_id": "unavailable"
    }
  },
  {
    "id": 5,
    "playlist_title": "Rickey",
    "track_list": {
      "album_id": "Wallaby, tammar",
      "track_id": "Macropus eugenii"
    }
  },
  {
    "id": 6,
    "playlist_title": "Justinian",
    "track_list": {
      "album_id": "Cheetah",
      "track_id": "Acinynox jubatus"
    }
  },
  {
    "id": 7,
    "playlist_title": "Kirstin",
    "track_list": {
      "album_id": "Snake, tiger",
      "track_id": "Notechis semmiannulatus"
    }
  },
  {
    "id": 8,
    "playlist_title": "Nikos",
    "track_list": {
      "album_id": "Canadian tiger swallowtail butterfly",
      "track_id": "Papilio canadensis"
    }
  },
  {
    "id": 9,
    "playlist_title": "Lissa",
    "track_list": {
      "album_id": "Richardson's ground squirrel",
      "track_id": "Spermophilus richardsonii"
    }
  },
  {
    "id": 10,
    "playlist_title": "Phyllis",
    "track_list": {
      "album_id": "North American river otter",
      "track_id": "Lutra canadensis"
    }
  }
]