[{"id": 1, "user_name": "eabramovici0", "albums": [26, 42, 31, 46], "playlists": [45, 23, 38]}, {"id": 4, "user_name": "jnewell3", "albums": [28, 1, 13, 20], "playlists": [16, 39, 14]}, {"id": 6, "user_name": "ndoumic5", "albums": [14, 17, 41, 35], "playlists": [33, 19, 20]}, {"id": 7, "user_name": "ebrisley6", "albums": [2, 31, 5, 34], "playlists": [31, 32, 6]}, {"id": 8, "user_name": "vtansly7", "albums": [16, 8, 24, 7], "playlists": [13, 45, 18]}, {"id": 9, "user_name": "otwallin8", "albums": [20, 28, 35, 9], "playlists": [21, 41, 13]}, {"id": 11, "user_name": "admin_new_another", "albums": [], "playlists": []}, {"id": 12, "user_name": "new_user_thing", "albums": [], "playlists": []}, {"id": 13, "user_name": "test", "albums": [], "playlists": []}]